{
  "additional_wants": {
    "id": "minecraft:enchanted_book",
    "components": {
      "minecraft:custom_name": [
        {
          "text": "Learn Journeyman Level Trade"
        }
      ],
      "minecraft:lore": [
        {
          "color": "dark_purple",
          "text": "Drop an Enchanted Book"
        }
      ]
    }
  },
  "gives": {
    "count": 1,
    "id": "minecraft:enchanted_book"
  },
  "max_uses": 12.0,
  "reputation_discount": 0.2,
  "wants": {
    "id": "minecraft:emerald"
  }
}